Model,MAE,RMSE,R2 Score
Linear Regression,2.5208208954413642,3.2860305408649286,0.7690445621520365
Decision Tree,3.1432835692971652,4.3419722887227925,0.5967641876505665
Random Forest,2.627974781371626,3.4772985054982875,0.7413759258593758
